Volunteer_ID,Admit_weight,Admit_height,Gender,Race_desc,Ethnic_desc,Birthdate
406-0003,49.7,149,Male,White,Not Hispanic or Latino,2008
406-0005,25.4,130,Female,White,Not Hispanic or Latino,2008
406-0007,29.7,142.5,Male,White,Not Hispanic or Latino,2007
406-0009,39.2,143.6,Female,White,Not Hispanic or Latino,2006
406-0011,38.8,139.1,Female,White,Not Hispanic or Latino,2006
406-0015,36.1,150,Female,White,Not Hispanic or Latino,2005
406-0017,33.6,139,Female,White,Not Hispanic or Latino,2006
406-0019,22.7,125,Female,Asian,Not Hispanic or Latino,2008
406-0021,38.2,148,Male,White,Not Hispanic or Latino,2005
406-0023,29.1,134.5,Male,White,Not Hispanic or Latino,2008
406-0025,49.6,151,Male,White,Not Hispanic or Latino,2006
406-0027,27,130.1,Female,White,Not Hispanic or Latino,2007
406-0029,42.3,147.2,Male,White,Not Hispanic or Latino,2006
406-0031,43.3,152,Female,White,Not Hispanic or Latino,2006
406-0033,42.6,146.4,Male,White,Not Hispanic or Latino,2006
406-0035,33.8,140,Female,White,Not Hispanic or Latino,2006
406-0037,29.1,139.5,Male,Asian,Not Hispanic or Latino,2007
406-0039,31,140.4,Female,White,Not Hispanic or Latino,2006
406-0041,31.5,141.5,Female,White,Not Hispanic or Latino,2005
406-0045,35.9,133.4,Female,White,Not Hispanic or Latino,2008
406-0047,89.9,176.5,Female,White,Not Hispanic or Latino,2004
406-0049,52.3,147,Male,Multi-Racial,Not Hispanic or Latino,2006
406-0051,55.2,162.9,Male,White,Not Hispanic or Latino,2005
406-0053,28.2,133,Male,White,Not Hispanic or Latino,2008
406-0055,27,133,Male,White,Not Hispanic or Latino,2008
406-0057,66.2,160.5,Female,Black or African American,Not Hispanic or Latino,2004
406-0059,46.4,156.2,Female,White,Not Hispanic or Latino,2004
406-0061,73.1,161.5,Male,White,Not Hispanic or Latino,2004
406-0065,33.4,140.1,Female,White,Not Hispanic or Latino,2007
406-0067,21.8,124.7,Female,Asian,Not Hispanic or Latino,2008
406-0069,49.6,146.2,Male,Multi-Racial,Not Hispanic or Latino,2006
406-0071,33.4,137.5,Male,Multi-Racial,Not Hispanic or Latino,2007
406-0073,33.9,139.7,Female,White,Not Hispanic or Latino,2006
406-0075,35.9,152.4,Female,White,Not Hispanic or Latino,2005
406-0077,29.7,136.2,Female,White,Not Hispanic or Latino,2008
406-0079,33.4,139.4,Female,White,Not Hispanic or Latino,2006
406-0081,44.9,148.3,Female,Asian,Not Hispanic or Latino,2006
406-0085,42.3,147.4,Female,White,Not Hispanic or Latino,2006
406-0087,32,139.4,Male,White,Not Hispanic or Latino,2007
406-0089,51.3,158,Female,Multi-Racial,Hispanic or Latino,2004
406-0091,44.7,143.1,Male,White,Not Hispanic or Latino,2008
406-0093,38.9,147.4,Male,White,Not Hispanic or Latino,2006
406-0095,48.2,148.8,Female,White,Not Hispanic or Latino,2008
406-0099,34.1,144.1,Female,White,Not Hispanic or Latino,2007
406-0101,65.7,157.6,Male,White,Not Hispanic or Latino,2005
406-0103,43.8,147.2,Male,Native Hawaiian or Other Pacific Islander,Not Hispanic or Latino,2006
406-0105,38.2,148.5,Male,Multi-Racial,Not Hispanic or Latino,2008
406-0109,59.5,159.2,Female,White,Hispanic or Latino,2004
406-0111,58.7,149.2,Male,White,Not Hispanic or Latino,2006
406-0113,28,135.3,Female,White,Not Hispanic or Latino,2007
406-0115,37.7,144.5,Male,White,Not Hispanic or Latino,2007
406-0117,40.4,145,Male,White,Not Hispanic or Latino,2007
